id,name,iso2,iso3,phone_code,capital,currency,currency_name,native,region,subregion,latitude,longitude,emoji
1,Afghanistan,AF,AFG,,Kabul,AFN,Afghan afghani,افغانستان,Asia,Southern Asia,33.00000000,65.00000000,🇦🇫
2,Aland Islands,AX,ALA,,Mariehamn,EUR,Euro,Åland,Europe,Northern Europe,60.11666700,19.90000000,🇦🇽
3,Albania,AL,ALB,,Tirana,ALL,Albanian lek,Shqipëria,Europe,Southern Europe,41.00000000,20.00000000,🇦🇱
4,Algeria,DZ,DZA,,Algiers,DZD,Algerian dinar,الجزائر,Africa,Northern Africa,28.00000000,3.00000000,🇩🇿
5,American Samoa,AS,ASM,,Pago Pago,USD,United States dollar,American Samoa,Oceania,Polynesia,-14.33333333,-170.00000000,🇦🇸
6,Andorra,AD,AND,,Andorra la Vella,EUR,Euro,Andorra,Europe,Southern Europe,42.50000000,1.50000000,🇦🇩
7,Angola,AO,AGO,,Luanda,AOA,Angolan kwanza,Angola,Africa,Middle Africa,-12.50000000,18.50000000,🇦🇴
8,Anguilla,AI,AIA,,The Valley,XCD,Eastern Caribbean dollar,Anguilla,Americas,Caribbean,18.25000000,-63.16666666,🇦🇮
9,Antarctica,AQ,ATA,,,AAD,Antarctican dollar,Antarctica,Polar,,-74.65000000,4.48000000,🇦🇶
10,Antigua and Barbuda,AG,ATG,,St. John's,XCD,Eastern Caribbean dollar,Antigua and Barbuda,Americas,Caribbean,17.05000000,-61.80000000,🇦🇬
11,Argentina,AR,ARG,,Buenos Aires,ARS,Argentine peso,Argentina,Americas,South America,-34.00000000,-64.00000000,🇦🇷
12,Armenia,AM,ARM,,Yerevan,AMD,Armenian dram,Հայաստան,Asia,Western Asia,40.00000000,45.00000000,🇦🇲
13,Aruba,AW,ABW,,Oranjestad,AWG,Aruban florin,Aruba,Americas,Caribbean,12.50000000,-69.96666666,🇦🇼
14,Australia,AU,AUS,,Canberra,AUD,Australian dollar,Australia,Oceania,Australia and New Zealand,-27.00000000,133.00000000,🇦🇺
15,Austria,AT,AUT,,Vienna,EUR,Euro,Österreich,Europe,Western Europe,47.33333333,13.33333333,🇦🇹
16,Azerbaijan,AZ,AZE,,Baku,AZN,Azerbaijani manat,Azərbaycan,Asia,Western Asia,40.50000000,47.50000000,🇦🇿
18,Bahrain,BH,BHR,,Manama,BHD,Bahraini dinar,‏البحرين,Asia,Western Asia,26.00000000,50.55000000,🇧🇭
19,Bangladesh,BD,BGD,,Dhaka,BDT,Bangladeshi taka,Bangladesh,Asia,Southern Asia,24.00000000,90.00000000,🇧🇩
20,Barbados,BB,BRB,,Bridgetown,BBD,Barbadian dollar,Barbados,Americas,Caribbean,13.16666666,-59.53333333,🇧🇧
21,Belarus,BY,BLR,,Minsk,BYN,Belarusian ruble,Белару́сь,Europe,Eastern Europe,53.00000000,28.00000000,🇧🇾
22,Belgium,BE,BEL,,Brussels,EUR,Euro,België,Europe,Western Europe,50.83333333,4.00000000,🇧🇪
23,Belize,BZ,BLZ,,Belmopan,BZD,Belize dollar,Belize,Americas,Central America,17.25000000,-88.75000000,🇧🇿
24,Benin,BJ,BEN,,Porto-Novo,XOF,West African CFA franc,Bénin,Africa,Western Africa,9.50000000,2.25000000,🇧🇯
25,Bermuda,BM,BMU,,Hamilton,BMD,Bermudian dollar,Bermuda,Americas,Northern America,32.33333333,-64.75000000,🇧🇲
26,Bhutan,BT,BTN,,Thimphu,BTN,Bhutanese ngultrum,ʼbrug-yul,Asia,Southern Asia,27.50000000,90.50000000,🇧🇹
27,Bolivia,BO,BOL,,Sucre,BOB,Bolivian boliviano,Bolivia,Americas,South America,-17.00000000,-65.00000000,🇧🇴
155,"Bonaire, Sint Eustatius and Saba",BQ,BES,,Kralendijk,USD,United States dollar,Caribisch Nederland,Americas,Caribbean,12.15000000,-68.26666700,🇧🇶
28,Bosnia and Herzegovina,BA,BIH,,Sarajevo,BAM,Bosnia and Herzegovina convertible mark,Bosna i Hercegovina,Europe,Southern Europe,44.00000000,18.00000000,🇧🇦
29,Botswana,BW,BWA,,Gaborone,BWP,Botswana pula,Botswana,Africa,Southern Africa,-22.00000000,24.00000000,🇧🇼
30,Bouvet Island,BV,BVT,,,NOK,Norwegian krone,Bouvetøya,,,-54.43333333,3.40000000,🇧🇻
31,Brazil,BR,BRA,,Brasilia,BRL,Brazilian real,Brasil,Americas,South America,-10.00000000,-55.00000000,🇧🇷
32,British Indian Ocean Territory,IO,IOT,,Diego Garcia,USD,United States dollar,British Indian Ocean Territory,Africa,Eastern Africa,-6.00000000,71.50000000,🇮🇴
33,Brunei,BN,BRN,,Bandar Seri Begawan,BND,Brunei dollar,Negara Brunei Darussalam,Asia,South-Eastern Asia,4.50000000,114.66666666,🇧🇳
34,Bulgaria,BG,BGR,,Sofia,BGN,Bulgarian lev,България,Europe,Eastern Europe,43.00000000,25.00000000,🇧🇬
35,Burkina Faso,BF,BFA,,Ouagadougou,XOF,West African CFA franc,Burkina Faso,Africa,Western Africa,13.00000000,-2.00000000,🇧🇫
36,Burundi,BI,BDI,,Bujumbura,BIF,Burundian franc,Burundi,Africa,Eastern Africa,-3.50000000,30.00000000,🇧🇮
37,Cambodia,KH,KHM,,Phnom Penh,KHR,Cambodian riel,Kâmpŭchéa,Asia,South-Eastern Asia,13.00000000,105.00000000,🇰🇭
38,Cameroon,CM,CMR,,Yaounde,XAF,Central African CFA franc,Cameroon,Africa,Middle Africa,6.00000000,12.00000000,🇨🇲
39,Canada,CA,CAN,,Ottawa,CAD,Canadian dollar,Canada,Americas,Northern America,60.00000000,-95.00000000,🇨🇦
40,Cape Verde,CV,CPV,,Praia,CVE,Cape Verdean escudo,Cabo Verde,Africa,Western Africa,16.00000000,-24.00000000,🇨🇻
41,Cayman Islands,KY,CYM,,George Town,KYD,Cayman Islands dollar,Cayman Islands,Americas,Caribbean,19.50000000,-80.50000000,🇰🇾
42,Central African Republic,CF,CAF,,Bangui,XAF,Central African CFA franc,Ködörösêse tî Bêafrîka,Africa,Middle Africa,7.00000000,21.00000000,🇨🇫
43,Chad,TD,TCD,,N'Djamena,XAF,Central African CFA franc,Tchad,Africa,Middle Africa,15.00000000,19.00000000,🇹🇩
44,Chile,CL,CHL,,Santiago,CLP,Chilean peso,Chile,Americas,South America,-30.00000000,-71.00000000,🇨🇱
45,China,CN,CHN,,Beijing,CNY,Chinese yuan,中国,Asia,Eastern Asia,35.00000000,105.00000000,🇨🇳
46,Christmas Island,CX,CXR,,Flying Fish Cove,AUD,Australian dollar,Christmas Island,Oceania,Australia and New Zealand,-10.50000000,105.66666666,🇨🇽
47,Cocos (Keeling) Islands,CC,CCK,,West Island,AUD,Australian dollar,Cocos (Keeling) Islands,Oceania,Australia and New Zealand,-12.50000000,96.83333333,🇨🇨
48,Colombia,CO,COL,,Bogotá,COP,Colombian peso,Colombia,Americas,South America,4.00000000,-72.00000000,🇨🇴
49,Comoros,KM,COM,,Moroni,KMF,Comorian franc,Komori,Africa,Eastern Africa,-12.16666666,44.25000000,🇰🇲
50,Congo,CG,COG,,Brazzaville,CDF,Congolese Franc,République du Congo,Africa,Middle Africa,-1.00000000,15.00000000,🇨🇬
52,Cook Islands,CK,COK,,Avarua,NZD,New Zealand dollar,Cook Islands,Oceania,Polynesia,-21.23333333,-159.76666666,🇨🇰
53,Costa Rica,CR,CRI,,San Jose,CRC,Costa Rican colón,Costa Rica,Americas,Central America,10.00000000,-84.00000000,🇨🇷
55,Croatia,HR,HRV,,Zagreb,EUR,Euro,Hrvatska,Europe,Southern Europe,45.16666666,15.50000000,🇭🇷
56,Cuba,CU,CUB,,Havana,CUP,Cuban peso,Cuba,Americas,Caribbean,21.50000000,-80.00000000,🇨🇺
249,Curaçao,CW,CUW,,Willemstad,ANG,Netherlands Antillean guilder,Curaçao,Americas,Caribbean,12.11666700,-68.93333300,🇨🇼
57,Cyprus,CY,CYP,,Nicosia,EUR,Euro,Κύπρος,Europe,Southern Europe,35.00000000,33.00000000,🇨🇾
58,Czech Republic,CZ,CZE,,Prague,CZK,Czech koruna,Česká republika,Europe,Eastern Europe,49.75000000,15.50000000,🇨🇿
51,Democratic Republic of the Congo,CD,COD,,Kinshasa,CDF,Congolese Franc,République démocratique du Congo,Africa,Middle Africa,0.00000000,25.00000000,🇨🇩
59,Denmark,DK,DNK,,Copenhagen,DKK,Danish krone,Danmark,Europe,Northern Europe,56.00000000,10.00000000,🇩🇰
60,Djibouti,DJ,DJI,,Djibouti,DJF,Djiboutian franc,Djibouti,Africa,Eastern Africa,11.50000000,43.00000000,🇩🇯
61,Dominica,DM,DMA,,Roseau,XCD,Eastern Caribbean dollar,Dominica,Americas,Caribbean,15.41666666,-61.33333333,🇩🇲
62,Dominican Republic,DO,DOM,,Santo Domingo,DOP,Dominican peso,República Dominicana,Americas,Caribbean,19.00000000,-70.66666666,🇩🇴
64,Ecuador,EC,ECU,,Quito,USD,United States dollar,Ecuador,Americas,South America,-2.00000000,-77.50000000,🇪🇨
65,Egypt,EG,EGY,,Cairo,EGP,Egyptian pound,مصر‎,Africa,Northern Africa,27.00000000,30.00000000,🇪🇬
66,El Salvador,SV,SLV,,San Salvador,USD,United States dollar,El Salvador,Americas,Central America,13.83333333,-88.91666666,🇸🇻
67,Equatorial Guinea,GQ,GNQ,,Malabo,XAF,Central African CFA franc,Guinea Ecuatorial,Africa,Middle Africa,2.00000000,10.00000000,🇬🇶
68,Eritrea,ER,ERI,,Asmara,ERN,Eritrean nakfa,ኤርትራ,Africa,Eastern Africa,15.00000000,39.00000000,🇪🇷
69,Estonia,EE,EST,,Tallinn,EUR,Euro,Eesti,Europe,Northern Europe,59.00000000,26.00000000,🇪🇪
212,Eswatini,SZ,SWZ,,Mbabane,SZL,Lilangeni,Swaziland,Africa,Southern Africa,-26.50000000,31.50000000,🇸🇿
70,Ethiopia,ET,ETH,,Addis Ababa,ETB,Ethiopian birr,ኢትዮጵያ,Africa,Eastern Africa,8.00000000,38.00000000,🇪🇹
71,Falkland Islands,FK,FLK,,Stanley,FKP,Falkland Islands pound,Falkland Islands,Americas,South America,-51.75000000,-59.00000000,🇫🇰
72,Faroe Islands,FO,FRO,,Torshavn,DKK,Danish krone,Føroyar,Europe,Northern Europe,62.00000000,-7.00000000,🇫🇴
73,Fiji Islands,FJ,FJI,,Suva,FJD,Fijian dollar,Fiji,Oceania,Melanesia,-18.00000000,175.00000000,🇫🇯
74,Finland,FI,FIN,,Helsinki,EUR,Euro,Suomi,Europe,Northern Europe,64.00000000,26.00000000,🇫🇮
75,France,FR,FRA,,Paris,EUR,Euro,France,Europe,Western Europe,46.00000000,2.00000000,🇫🇷
76,French Guiana,GF,GUF,,Cayenne,EUR,Euro,Guyane française,Americas,South America,4.00000000,-53.00000000,🇬🇫
77,French Polynesia,PF,PYF,,Papeete,XPF,CFP franc,Polynésie française,Oceania,Polynesia,-15.00000000,-140.00000000,🇵🇫
78,French Southern Territories,TF,ATF,,Port-aux-Francais,EUR,Euro,Territoire des Terres australes et antarctiques fr,Africa,Southern Africa,-49.25000000,69.16700000,🇹🇫
79,Gabon,GA,GAB,,Libreville,XAF,Central African CFA franc,Gabon,Africa,Middle Africa,-1.00000000,11.75000000,🇬🇦
81,Georgia,GE,GEO,,Tbilisi,GEL,Georgian lari,საქართველო,Asia,Western Asia,42.00000000,43.50000000,🇬🇪
82,Germany,DE,DEU,,Berlin,EUR,Euro,Deutschland,Europe,Western Europe,51.00000000,9.00000000,🇩🇪
83,Ghana,GH,GHA,,Accra,GHS,Ghanaian cedi,Ghana,Africa,Western Africa,8.00000000,-2.00000000,🇬🇭
84,Gibraltar,GI,GIB,,Gibraltar,GIP,Gibraltar pound,Gibraltar,Europe,Southern Europe,36.13333333,-5.35000000,🇬🇮
85,Greece,GR,GRC,,Athens,EUR,Euro,Ελλάδα,Europe,Southern Europe,39.00000000,22.00000000,🇬🇷
86,Greenland,GL,GRL,,Nuuk,DKK,Danish krone,Kalaallit Nunaat,Americas,Northern America,72.00000000,-40.00000000,🇬🇱
87,Grenada,GD,GRD,,St. George's,XCD,Eastern Caribbean dollar,Grenada,Americas,Caribbean,12.11666666,-61.66666666,🇬🇩
88,Guadeloupe,GP,GLP,,Basse-Terre,EUR,Euro,Guadeloupe,Americas,Caribbean,16.25000000,-61.58333300,🇬🇵
89,Guam,GU,GUM,,Hagatna,USD,United States dollar,Guam,Oceania,Micronesia,13.46666666,144.78333333,🇬🇺
90,Guatemala,GT,GTM,,Guatemala City,GTQ,Guatemalan quetzal,Guatemala,Americas,Central America,15.50000000,-90.25000000,🇬🇹
91,Guernsey,GG,GGY,,St Peter Port,GBP,British pound,Guernsey,Europe,Northern Europe,49.46666666,-2.58333333,🇬🇬
92,Guinea,GN,GIN,,Conakry,GNF,Guinean franc,Guinée,Africa,Western Africa,11.00000000,-10.00000000,🇬🇳
93,Guinea-Bissau,GW,GNB,,Bissau,XOF,West African CFA franc,Guiné-Bissau,Africa,Western Africa,12.00000000,-15.00000000,🇬🇼
94,Guyana,GY,GUY,,Georgetown,GYD,Guyanese dollar,Guyana,Americas,South America,5.00000000,-59.00000000,🇬🇾
95,Haiti,HT,HTI,,Port-au-Prince,HTG,Haitian gourde,Haïti,Americas,Caribbean,19.00000000,-72.41666666,🇭🇹
96,Heard Island and McDonald Islands,HM,HMD,,,AUD,Australian dollar,Heard Island and McDonald Islands,,,-53.10000000,72.51666666,🇭🇲
97,Honduras,HN,HND,,Tegucigalpa,HNL,Honduran lempira,Honduras,Americas,Central America,15.00000000,-86.50000000,🇭🇳
98,Hong Kong S.A.R.,HK,HKG,,Hong Kong,HKD,Hong Kong dollar,香港,Asia,Eastern Asia,22.25000000,114.16666666,🇭🇰
99,Hungary,HU,HUN,,Budapest,HUF,Hungarian forint,Magyarország,Europe,Eastern Europe,47.00000000,20.00000000,🇭🇺
100,Iceland,IS,ISL,,Reykjavik,ISK,Icelandic króna,Ísland,Europe,Northern Europe,65.00000000,-18.00000000,🇮🇸
101,India,IN,IND,,New Delhi,INR,Indian rupee,भारत,Asia,Southern Asia,20.00000000,77.00000000,🇮🇳
102,Indonesia,ID,IDN,,Jakarta,IDR,Indonesian rupiah,Indonesia,Asia,South-Eastern Asia,-5.00000000,120.00000000,🇮🇩
103,Iran,IR,IRN,,Tehran,IRR,Iranian rial,ایران,Asia,Southern Asia,32.00000000,53.00000000,🇮🇷
104,Iraq,IQ,IRQ,,Baghdad,IQD,Iraqi dinar,العراق,Asia,Western Asia,33.00000000,44.00000000,🇮🇶
105,Ireland,IE,IRL,,Dublin,EUR,Euro,Éire,Europe,Northern Europe,53.00000000,-8.00000000,🇮🇪
106,Israel,IL,ISR,,Jerusalem,ILS,Israeli new shekel,יִשְׂרָאֵל,Asia,Western Asia,31.50000000,34.75000000,🇮🇱
107,Italy,IT,ITA,,Rome,EUR,Euro,Italia,Europe,Southern Europe,42.83333333,12.83333333,🇮🇹
54,Ivory Coast,CI,CIV,,Yamoussoukro,XOF,West African CFA franc,Cote D'Ivoire,Africa,Western Africa,8.00000000,-5.00000000,🇨🇮
108,Jamaica,JM,JAM,,Kingston,JMD,Jamaican dollar,Jamaica,Americas,Caribbean,18.25000000,-77.50000000,🇯🇲
109,Japan,JP,JPN,,Tokyo,JPY,Japanese yen,日本,Asia,Eastern Asia,36.00000000,138.00000000,🇯🇵
110,Jersey,JE,JEY,,Saint Helier,GBP,British pound,Jersey,Europe,Northern Europe,49.25000000,-2.16666666,🇯🇪
111,Jordan,JO,JOR,,Amman,JOD,Jordanian dinar,الأردن,Asia,Western Asia,31.00000000,36.00000000,🇯🇴
112,Kazakhstan,KZ,KAZ,,Astana,KZT,Kazakhstani tenge,Қазақстан,Asia,Central Asia,48.00000000,68.00000000,🇰🇿
113,Kenya,KE,KEN,,Nairobi,KES,Kenyan shilling,Kenya,Africa,Eastern Africa,1.00000000,38.00000000,🇰🇪
114,Kiribati,KI,KIR,,Tarawa,AUD,Australian dollar,Kiribati,Oceania,Micronesia,1.41666666,173.00000000,🇰🇮
248,Kosovo,XK,XKX,,Pristina,EUR,Euro,Republika e Kosovës,Europe,Eastern Europe,42.56129090,20.34030350,🇽🇰
117,Kuwait,KW,KWT,,Kuwait City,KWD,Kuwaiti dinar,الكويت,Asia,Western Asia,29.50000000,45.75000000,🇰🇼
118,Kyrgyzstan,KG,KGZ,,Bishkek,KGS,Kyrgyzstani som,Кыргызстан,Asia,Central Asia,41.00000000,75.00000000,🇰🇬
119,Laos,LA,LAO,,Vientiane,LAK,Lao kip,ສປປລາວ,Asia,South-Eastern Asia,18.00000000,105.00000000,🇱🇦
120,Latvia,LV,LVA,,Riga,EUR,Euro,Latvija,Europe,Northern Europe,57.00000000,25.00000000,🇱🇻
121,Lebanon,LB,LBN,,Beirut,LBP,Lebanese pound,لبنان,Asia,Western Asia,33.83333333,35.83333333,🇱🇧
122,Lesotho,LS,LSO,,Maseru,LSL,Lesotho loti,Lesotho,Africa,Southern Africa,-29.50000000,28.50000000,🇱🇸
123,Liberia,LR,LBR,,Monrovia,LRD,Liberian dollar,Liberia,Africa,Western Africa,6.50000000,-9.50000000,🇱🇷
124,Libya,LY,LBY,,Tripolis,LYD,Libyan dinar,‏ليبيا,Africa,Northern Africa,25.00000000,17.00000000,🇱🇾
125,Liechtenstein,LI,LIE,,Vaduz,CHF,Swiss franc,Liechtenstein,Europe,Western Europe,47.26666666,9.53333333,🇱🇮
126,Lithuania,LT,LTU,,Vilnius,EUR,Euro,Lietuva,Europe,Northern Europe,56.00000000,24.00000000,🇱🇹
127,Luxembourg,LU,LUX,,Luxembourg,EUR,Euro,Luxembourg,Europe,Western Europe,49.75000000,6.16666666,🇱🇺
128,Macau S.A.R.,MO,MAC,,Macao,MOP,Macanese pataca,澳門,Asia,Eastern Asia,22.16666666,113.55000000,🇲🇴
130,Madagascar,MG,MDG,,Antananarivo,MGA,Malagasy ariary,Madagasikara,Africa,Eastern Africa,-20.00000000,47.00000000,🇲🇬
131,Malawi,MW,MWI,,Lilongwe,MWK,Malawian kwacha,Malawi,Africa,Eastern Africa,-13.50000000,34.00000000,🇲🇼
132,Malaysia,MY,MYS,,Kuala Lumpur,MYR,Malaysian ringgit,Malaysia,Asia,South-Eastern Asia,2.50000000,112.50000000,🇲🇾
133,Maldives,MV,MDV,,Male,MVR,Maldivian rufiyaa,Maldives,Asia,Southern Asia,3.25000000,73.00000000,🇲🇻
134,Mali,ML,MLI,,Bamako,XOF,West African CFA franc,Mali,Africa,Western Africa,17.00000000,-4.00000000,🇲🇱
135,Malta,MT,MLT,,Valletta,EUR,Euro,Malta,Europe,Southern Europe,35.83333333,14.58333333,🇲🇹
136,Man (Isle of),IM,IMN,,"Douglas, Isle of Man",GBP,British pound,Isle of Man,Europe,Northern Europe,54.25000000,-4.50000000,🇮🇲
137,Marshall Islands,MH,MHL,,Majuro,USD,United States dollar,M̧ajeļ,Oceania,Micronesia,9.00000000,168.00000000,🇲🇭
138,Martinique,MQ,MTQ,,Fort-de-France,EUR,Euro,Martinique,Americas,Caribbean,14.66666700,-61.00000000,🇲🇶
139,Mauritania,MR,MRT,,Nouakchott,MRU,Mauritanian ouguiya,موريتانيا,Africa,Western Africa,20.00000000,-12.00000000,🇲🇷
140,Mauritius,MU,MUS,,Port Louis,MUR,Mauritian rupee,Maurice,Africa,Eastern Africa,-20.28333333,57.55000000,🇲🇺
141,Mayotte,YT,MYT,,Mamoudzou,EUR,Euro,Mayotte,Africa,Eastern Africa,-12.83333333,45.16666666,🇾🇹
142,Mexico,MX,MEX,,Ciudad de México,MXN,Mexican peso,México,Americas,Northern America,23.00000000,-102.00000000,🇲🇽
143,Micronesia,FM,FSM,,Palikir,USD,United States dollar,Micronesia,Oceania,Micronesia,6.91666666,158.25000000,🇫🇲
144,Moldova,MD,MDA,,Chisinau,MDL,Moldovan leu,Moldova,Europe,Eastern Europe,47.00000000,29.00000000,🇲🇩
145,Monaco,MC,MCO,,Monaco,EUR,Euro,Monaco,Europe,Western Europe,43.73333333,7.40000000,🇲🇨
146,Mongolia,MN,MNG,,Ulan Bator,MNT,Mongolian tögrög,Монгол улс,Asia,Eastern Asia,46.00000000,105.00000000,🇲🇳
147,Montenegro,ME,MNE,,Podgorica,EUR,Euro,Црна Гора,Europe,Southern Europe,42.50000000,19.30000000,🇲🇪
148,Montserrat,MS,MSR,,Plymouth,XCD,Eastern Caribbean dollar,Montserrat,Americas,Caribbean,16.75000000,-62.20000000,🇲🇸
149,Morocco,MA,MAR,,Rabat,MAD,Moroccan dirham,المغرب,Africa,Northern Africa,32.00000000,-5.00000000,🇲🇦
150,Mozambique,MZ,MOZ,,Maputo,MZN,Mozambican metical,Moçambique,Africa,Eastern Africa,-18.25000000,35.00000000,🇲🇿
151,Myanmar,MM,MMR,,Nay Pyi Taw,MMK,Burmese kyat,မြန်မာ,Asia,South-Eastern Asia,22.00000000,98.00000000,🇲🇲
152,Namibia,NA,NAM,,Windhoek,NAD,Namibian dollar,Namibia,Africa,Southern Africa,-22.00000000,17.00000000,🇳🇦
153,Nauru,NR,NRU,,Yaren,AUD,Australian dollar,Nauru,Oceania,Micronesia,-0.53333333,166.91666666,🇳🇷
154,Nepal,NP,NPL,,Kathmandu,NPR,Nepalese rupee,नेपाल,Asia,Southern Asia,28.00000000,84.00000000,🇳🇵
156,Netherlands,NL,NLD,,Amsterdam,EUR,Euro,Nederland,Europe,Western Europe,52.50000000,5.75000000,🇳🇱
157,New Caledonia,NC,NCL,,Noumea,XPF,CFP franc,Nouvelle-Calédonie,Oceania,Melanesia,-21.50000000,165.50000000,🇳🇨
158,New Zealand,NZ,NZL,,Wellington,NZD,New Zealand dollar,New Zealand,Oceania,Australia and New Zealand,-41.00000000,174.00000000,🇳🇿
159,Nicaragua,NI,NIC,,Managua,NIO,Nicaraguan córdoba,Nicaragua,Americas,Central America,13.00000000,-85.00000000,🇳🇮
160,Niger,NE,NER,,Niamey,XOF,West African CFA franc,Niger,Africa,Western Africa,16.00000000,8.00000000,🇳🇪
161,Nigeria,NG,NGA,,Abuja,NGN,Nigerian naira,Nigeria,Africa,Western Africa,10.00000000,8.00000000,🇳🇬
162,Niue,NU,NIU,,Alofi,NZD,New Zealand dollar,Niuē,Oceania,Polynesia,-19.03333333,-169.86666666,🇳🇺
163,Norfolk Island,NF,NFK,,Kingston,AUD,Australian dollar,Norfolk Island,Oceania,Australia and New Zealand,-29.03333333,167.95000000,🇳🇫
115,North Korea,KP,PRK,,Pyongyang,KPW,North Korean Won,북한,Asia,Eastern Asia,40.00000000,127.00000000,🇰🇵
129,North Macedonia,MK,MKD,,Skopje,MKD,Denar,Северна Македонија,Europe,Southern Europe,41.83333333,22.00000000,🇲🇰
164,Northern Mariana Islands,MP,MNP,,Saipan,USD,United States dollar,Northern Mariana Islands,Oceania,Micronesia,15.20000000,145.75000000,🇲🇵
165,Norway,NO,NOR,,Oslo,NOK,Norwegian krone,Norge,Europe,Northern Europe,62.00000000,10.00000000,🇳🇴
166,Oman,OM,OMN,,Muscat,OMR,Omani rial,عمان,Asia,Western Asia,21.00000000,57.00000000,🇴🇲
167,Pakistan,PK,PAK,,Islamabad,PKR,Pakistani rupee,پاکستان,Asia,Southern Asia,30.00000000,70.00000000,🇵🇰
168,Palau,PW,PLW,,Melekeok,USD,United States dollar,Palau,Oceania,Micronesia,7.50000000,134.50000000,🇵🇼
169,Palestinian Territory Occupied,PS,PSE,,East Jerusalem,ILS,Israeli new shekel,فلسطين,Asia,Western Asia,31.90000000,35.20000000,🇵🇸
170,Panama,PA,PAN,,Panama City,PAB,Panamanian balboa,Panamá,Americas,Central America,9.00000000,-80.00000000,🇵🇦
171,Papua New Guinea,PG,PNG,,Port Moresby,PGK,Papua New Guinean kina,Papua Niugini,Oceania,Melanesia,-6.00000000,147.00000000,🇵🇬
172,Paraguay,PY,PRY,,Asunción,PYG,Paraguayan guarani,Paraguay,Americas,South America,-23.00000000,-58.00000000,🇵🇾
173,Peru,PE,PER,,Lima,PEN,Peruvian sol,Perú,Americas,South America,-10.00000000,-76.00000000,🇵🇪
174,Philippines,PH,PHL,,Manila,PHP,Philippine peso,Pilipinas,Asia,South-Eastern Asia,13.00000000,122.00000000,🇵🇭
175,Pitcairn Island,PN,PCN,,Adamstown,NZD,New Zealand dollar,Pitcairn Islands,Oceania,Polynesia,-25.06666666,-130.10000000,🇵🇳
176,Poland,PL,POL,,Warsaw,PLN,Polish złoty,Polska,Europe,Eastern Europe,52.00000000,20.00000000,🇵🇱
177,Portugal,PT,PRT,,Lisbon,EUR,Euro,Portugal,Europe,Southern Europe,39.50000000,-8.00000000,🇵🇹
178,Puerto Rico,PR,PRI,,San Juan,USD,United States dollar,Puerto Rico,Americas,Caribbean,18.25000000,-66.50000000,🇵🇷
179,Qatar,QA,QAT,,Doha,QAR,Qatari riyal,قطر,Asia,Western Asia,25.50000000,51.25000000,🇶🇦
180,Reunion,RE,REU,,Saint-Denis,EUR,Euro,La Réunion,Africa,Eastern Africa,-21.15000000,55.50000000,🇷🇪
181,Romania,RO,ROU,,Bucharest,RON,Romanian leu,România,Europe,Eastern Europe,46.00000000,25.00000000,🇷🇴
182,Russia,RU,RUS,,Moscow,RUB,Russian ruble,Россия,Europe,Eastern Europe,60.00000000,100.00000000,🇷🇺
183,Rwanda,RW,RWA,,Kigali,RWF,Rwandan franc,Rwanda,Africa,Eastern Africa,-2.00000000,30.00000000,🇷🇼
184,Saint Helena,SH,SHN,,Jamestown,SHP,Saint Helena pound,Saint Helena,Africa,Western Africa,-15.95000000,-5.70000000,🇸🇭
185,Saint Kitts and Nevis,KN,KNA,,Basseterre,XCD,Eastern Caribbean dollar,Saint Kitts and Nevis,Americas,Caribbean,17.33333333,-62.75000000,🇰🇳
186,Saint Lucia,LC,LCA,,Castries,XCD,Eastern Caribbean dollar,Saint Lucia,Americas,Caribbean,13.88333333,-60.96666666,🇱🇨
187,Saint Pierre and Miquelon,PM,SPM,,Saint-Pierre,EUR,Euro,Saint-Pierre-et-Miquelon,Americas,Northern America,46.83333333,-56.33333333,🇵🇲
188,Saint Vincent and the Grenadines,VC,VCT,,Kingstown,XCD,Eastern Caribbean dollar,Saint Vincent and the Grenadines,Americas,Caribbean,13.25000000,-61.20000000,🇻🇨
189,Saint-Barthelemy,BL,BLM,,Gustavia,EUR,Euro,Saint-Barthélemy,Americas,Caribbean,18.50000000,-63.41666666,🇧🇱
190,Saint-Martin (French part),MF,MAF,,Marigot,EUR,Euro,Saint-Martin,Americas,Caribbean,18.08333333,-63.95000000,🇲🇫
191,Samoa,WS,WSM,,Apia,WST,Samoan tālā,Samoa,Oceania,Polynesia,-13.58333333,-172.33333333,🇼🇸
192,San Marino,SM,SMR,,San Marino,EUR,Euro,San Marino,Europe,Southern Europe,43.76666666,12.41666666,🇸🇲
193,Sao Tome and Principe,ST,STP,,Sao Tome,STN,Dobra,São Tomé e Príncipe,Africa,Middle Africa,1.00000000,7.00000000,🇸🇹
194,Saudi Arabia,SA,SAU,,Riyadh,SAR,Saudi riyal,المملكة العربية السعودية,Asia,Western Asia,25.00000000,45.00000000,🇸🇦
195,Senegal,SN,SEN,,Dakar,XOF,West African CFA franc,Sénégal,Africa,Western Africa,14.00000000,-14.00000000,🇸🇳
196,Serbia,RS,SRB,,Belgrade,RSD,Serbian dinar,Србија,Europe,Southern Europe,44.00000000,21.00000000,🇷🇸
197,Seychelles,SC,SYC,,Victoria,SCR,Seychellois rupee,Seychelles,Africa,Eastern Africa,-4.65749770,55.45401460,🇸🇨
198,Sierra Leone,SL,SLE,,Freetown,SLL,Sierra Leonean leone,Sierra Leone,Africa,Western Africa,8.50000000,-11.50000000,🇸🇱
199,Singapore,SG,SGP,,Singapur,SGD,Singapore dollar,Singapore,Asia,South-Eastern Asia,1.36666666,103.80000000,🇸🇬
250,Sint Maarten (Dutch part),SX,SXM,,Philipsburg,ANG,Netherlands Antillean guilder,Sint Maarten,Americas,Caribbean,18.03333300,-63.05000000,🇸🇽
200,Slovakia,SK,SVK,,Bratislava,EUR,Euro,Slovensko,Europe,Eastern Europe,48.66666666,19.50000000,🇸🇰
201,Slovenia,SI,SVN,,Ljubljana,EUR,Euro,Slovenija,Europe,Southern Europe,46.11666666,14.81666666,🇸🇮
202,Solomon Islands,SB,SLB,,Honiara,SBD,Solomon Islands dollar,Solomon Islands,Oceania,Melanesia,-8.00000000,159.00000000,🇸🇧
203,Somalia,SO,SOM,,Mogadishu,SOS,Somali shilling,Soomaaliya,Africa,Eastern Africa,10.00000000,49.00000000,🇸🇴
204,South Africa,ZA,ZAF,,Pretoria,ZAR,South African rand,South Africa,Africa,Southern Africa,-29.00000000,24.00000000,🇿🇦
205,South Georgia,GS,SGS,,Grytviken,GBP,British pound,South Georgia,Americas,South America,-54.50000000,-37.00000000,🇬🇸
116,South Korea,KR,KOR,,Seoul,KRW,Won,대한민국,Asia,Eastern Asia,37.00000000,127.50000000,🇰🇷
206,South Sudan,SS,SSD,,Juba,SSP,South Sudanese pound,South Sudan,Africa,Middle Africa,7.00000000,30.00000000,🇸🇸
207,Spain,ES,ESP,,Madrid,EUR,Euro,España,Europe,Southern Europe,40.00000000,-4.00000000,🇪🇸
208,Sri Lanka,LK,LKA,,Colombo,LKR,Sri Lankan rupee,śrī laṃkāva,Asia,Southern Asia,7.00000000,81.00000000,🇱🇰
209,Sudan,SD,SDN,,Khartoum,SDG,Sudanese pound,السودان,Africa,Northern Africa,15.00000000,30.00000000,🇸🇩
210,Suriname,SR,SUR,,Paramaribo,SRD,Surinamese dollar,Suriname,Americas,South America,4.00000000,-56.00000000,🇸🇷
211,Svalbard and Jan Mayen Islands,SJ,SJM,,Longyearbyen,NOK,Norwegian krone,Svalbard og Jan Mayen,Europe,Northern Europe,78.00000000,20.00000000,🇸🇯
213,Sweden,SE,SWE,,Stockholm,SEK,Swedish krona,Sverige,Europe,Northern Europe,62.00000000,15.00000000,🇸🇪
214,Switzerland,CH,CHE,,Bern,CHF,Swiss franc,Schweiz,Europe,Western Europe,47.00000000,8.00000000,🇨🇭
215,Syria,SY,SYR,,Damascus,SYP,Syrian pound,سوريا,Asia,Western Asia,35.00000000,38.00000000,🇸🇾
216,Taiwan,TW,TWN,,Taipei,TWD,New Taiwan dollar,臺灣,Asia,Eastern Asia,23.50000000,121.00000000,🇹🇼
217,Tajikistan,TJ,TJK,,Dushanbe,TJS,Tajikistani somoni,Тоҷикистон,Asia,Central Asia,39.00000000,71.00000000,🇹🇯
218,Tanzania,TZ,TZA,,Dodoma,TZS,Tanzanian shilling,Tanzania,Africa,Eastern Africa,-6.00000000,35.00000000,🇹🇿
219,Thailand,TH,THA,,Bangkok,THB,Thai baht,ประเทศไทย,Asia,South-Eastern Asia,15.00000000,100.00000000,🇹🇭
17,The Bahamas,BS,BHS,,Nassau,BSD,Bahamian dollar,Bahamas,Americas,Caribbean,24.25000000,-76.00000000,🇧🇸
80,The Gambia,GM,GMB,,Banjul,GMD,Gambian dalasi,Gambia,Africa,Western Africa,13.46666666,-16.56666666,🇬🇲
63,Timor-Leste,TL,TLS,,Dili,USD,United States dollar,Timor-Leste,Asia,South-Eastern Asia,-8.83333333,125.91666666,🇹🇱
220,Togo,TG,TGO,,Lome,XOF,West African CFA franc,Togo,Africa,Western Africa,8.00000000,1.16666666,🇹🇬
221,Tokelau,TK,TKL,,,NZD,New Zealand dollar,Tokelau,Oceania,Polynesia,-9.00000000,-172.00000000,🇹🇰
222,Tonga,TO,TON,,Nuku'alofa,TOP,Tongan paʻanga,Tonga,Oceania,Polynesia,-20.00000000,-175.00000000,🇹🇴
223,Trinidad and Tobago,TT,TTO,,Port of Spain,TTD,Trinidad and Tobago dollar,Trinidad and Tobago,Americas,Caribbean,11.00000000,-61.00000000,🇹🇹
224,Tunisia,TN,TUN,,Tunis,TND,Tunisian dinar,تونس,Africa,Northern Africa,34.00000000,9.00000000,🇹🇳
225,Turkey,TR,TUR,,Ankara,TRY,Turkish lira,Türkiye,Asia,Western Asia,39.00000000,35.00000000,🇹🇷
226,Turkmenistan,TM,TKM,,Ashgabat,TMT,Turkmenistan manat,Türkmenistan,Asia,Central Asia,40.00000000,60.00000000,🇹🇲
227,Turks and Caicos Islands,TC,TCA,,Cockburn Town,USD,United States dollar,Turks and Caicos Islands,Americas,Caribbean,21.75000000,-71.58333333,🇹🇨
228,Tuvalu,TV,TUV,,Funafuti,AUD,Australian dollar,Tuvalu,Oceania,Polynesia,-8.00000000,178.00000000,🇹🇻
229,Uganda,UG,UGA,,Kampala,UGX,Ugandan shilling,Uganda,Africa,Eastern Africa,1.00000000,32.00000000,🇺🇬
230,Ukraine,UA,UKR,,Kyiv,UAH,Ukrainian hryvnia,Україна,Europe,Eastern Europe,49.00000000,32.00000000,🇺🇦
231,United Arab Emirates,AE,ARE,,Abu Dhabi,AED,United Arab Emirates dirham,دولة الإمارات العربية المتحدة,Asia,Western Asia,24.00000000,54.00000000,🇦🇪
232,United Kingdom,GB,GBR,,London,GBP,British pound,United Kingdom,Europe,Northern Europe,54.00000000,-2.00000000,🇬🇧
233,United States,US,USA,,Washington,USD,United States dollar,United States,Americas,Northern America,38.00000000,-97.00000000,🇺🇸
234,United States Minor Outlying Islands,UM,UMI,,,USD,United States dollar,United States Minor Outlying Islands,Americas,Northern America,0.00000000,0.00000000,🇺🇲
235,Uruguay,UY,URY,,Montevideo,UYU,Uruguayan peso,Uruguay,Americas,South America,-33.00000000,-56.00000000,🇺🇾
236,Uzbekistan,UZ,UZB,,Tashkent,UZS,Uzbekistani soʻm,O‘zbekiston,Asia,Central Asia,41.00000000,64.00000000,🇺🇿
237,Vanuatu,VU,VUT,,Port Vila,VUV,Vanuatu vatu,Vanuatu,Oceania,Melanesia,-16.00000000,167.00000000,🇻🇺
238,Vatican City State (Holy See),VA,VAT,,Vatican City,EUR,Euro,Vaticano,Europe,Southern Europe,41.90000000,12.45000000,🇻🇦
239,Venezuela,VE,VEN,,Caracas,VES,Bolívar,Venezuela,Americas,South America,8.00000000,-66.00000000,🇻🇪
240,Vietnam,VN,VNM,,Hanoi,VND,Vietnamese đồng,Việt Nam,Asia,South-Eastern Asia,16.16666666,107.83333333,🇻🇳
241,Virgin Islands (British),VG,VGB,,Road Town,USD,United States dollar,British Virgin Islands,Americas,Caribbean,18.43138300,-64.62305000,🇻🇬
242,Virgin Islands (US),VI,VIR,,Charlotte Amalie,USD,United States dollar,United States Virgin Islands,Americas,Caribbean,18.34000000,-64.93000000,🇻🇮
243,Wallis and Futuna Islands,WF,WLF,,Mata Utu,XPF,CFP franc,Wallis et Futuna,Oceania,Polynesia,-13.30000000,-176.20000000,🇼🇫
244,Western Sahara,EH,ESH,,El-Aaiun,MAD,Moroccan dirham,الصحراء الغربية,Africa,Northern Africa,24.50000000,-13.00000000,🇪🇭
245,Yemen,YE,YEM,,Sanaa,YER,Yemeni rial,اليَمَن,Asia,Western Asia,15.00000000,48.00000000,🇾🇪
246,Zambia,ZM,ZMB,,Lusaka,ZMW,Zambian kwacha,Zambia,Africa,Southern Africa,-15.00000000,30.00000000,🇿🇲
247,Zimbabwe,ZW,ZWE,,Harare,ZWL,Zimbabwe Dollar,Zimbabwe,Africa,Eastern Africa,-20.00000000,30.00000000,🇿🇼
